{
    "result": [
    {
        "iteration":100000,
        "save_values":[{
            "fvalues": 2390.7564210953005,
            "time_values": 27883.610465765
        }],
        "mean": 2390.7564210953005,
        "std": 0.0
    }
]   
}